<?xml version="1.0" encoding="UTF-8"?>
<metadata xml:lang="nb"><Esri><CreaDate>20240725</CreaDate><CreaTime>17295500</CreaTime><ArcGISFormat>1.0</ArcGISFormat><SyncOnce>TRUE</SyncOnce><DataProperties><lineage><Process ToolSource="c:\program files (x86)\arcgis\desktop10.8\ArcToolbox\Toolboxes\Analysis Tools.tbx\Near" Date="20210407" Time="113802">Near dist_1860_educ_penin Mad_Bcn # NO_LOCATION NO_ANGLE PLANAR</Process><Process ToolSource="c:\program files (x86)\arcgis\desktop10.8\ArcToolbox\Toolboxes\Data Management Tools.tbx\DeleteField" Date="20240725" Time="173142">DeleteField dist_1860 maestros;maestras;sch_boys;sch_girls;district_1;urban_10;indust;land_ineq;maestros_r;maestras_r;maestros_b;maestras_g;sch_boys_r;sch_girls_;NEAR_FID;NEAR_DIST</Process></lineage></DataProperties></Esri></metadata>
